## hydra, 一款基于PostgreSQL的开源HTAP数据库. 支持列存,向量化,物化,冷热分离存储,cloud 等特性  
                                                                  
### 作者                                            
digoal                                            
                                            
### 日期                                            
2023-07-04                                        
                                            
### 标签                                            
PostgreSQL , PolarDB , HTAP , hydra , 列存储 , 混合存储 , 向量化 , 物化视图 , 冷热分离存储 , 云服务            
                                            
----                                            
                                            
## 背景  
hydra, 又一款基于PostgreSQL的HTAP数据库. 支持:  
- 列存储 ,   
- 混合存储 ,   
- 向量化执行引擎 ,   
- 物化视图 ,   
- 冷热分离存储(s3, parquet等) ,   
- 云服务  
  
开源项目地址:  
https://github.com/hydradatabase/hydra  
  
  
## 本地试用  
```  
git clone --depth 1 https://github.com/hydradatabase/hydra   
cd hydra  
cp .env.example .env  
docker compose up  
```  
  
```  
IT-C02YW2EFLVDL:hydra digoal$ docker images  
REPOSITORY                    TAG       IMAGE ID       CREATED      SIZE  
ghcr.io/hydradatabase/hydra   latest    7d589d868e04   3 days ago   1.27GB  
  
IT-C02YW2EFLVDL:hydra digoal$ docker ps -a  
CONTAINER ID   IMAGE                                COMMAND                  CREATED             STATUS         PORTS                    NAMES  
6a9061edea40   ghcr.io/hydradatabase/hydra:latest   "docker-entrypoint.s…"   About an hour ago   Up 2 seconds   0.0.0.0:5432->5432/tcp   hydra  
```

可以直接进入容器, 安装dns解析工具, 看看是否能访问到oss服务器:   
```
docker exec -ti hydra /bin/bash

root@6a9061edea40:~# apt install -y dnsutils

root@6a9061edea40:~# nslookup oss-cn-shanghai.aliyuncs.com
Server:		127.0.0.11
Address:	127.0.0.11#53

Non-authoritative answer:
Name:	oss-cn-shanghai.aliyuncs.com
Address: 106.14.228.198
Name:	oss-cn-shanghai.aliyuncs.com
Address: 106.14.228.220


root@6a9061edea40:~# nslookup s3.oss-cn-shanghai.aliyuncs.com
Server:		127.0.0.11
Address:	127.0.0.11#53

Non-authoritative answer:
Name:	s3.oss-cn-shanghai.aliyuncs.com
Address: 106.14.228.186


root@6a9061edea40:~# dig s3.oss-cn-shanghai.aliyuncs.com

; <<>> DiG 9.18.16-1~deb12u1-Debian <<>> s3.oss-cn-shanghai.aliyuncs.com
;; global options: +cmd
;; Got answer:
;; ->>HEADER<<- opcode: QUERY, status: NOERROR, id: 53412
;; flags: qr rd ra; QUERY: 1, ANSWER: 1, AUTHORITY: 0, ADDITIONAL: 1

;; OPT PSEUDOSECTION:
; EDNS: version: 0, flags:; udp: 1232
; COOKIE: 3a3f5973eb483280 (echoed)
;; QUESTION SECTION:
;s3.oss-cn-shanghai.aliyuncs.com. IN	A

;; ANSWER SECTION:
s3.oss-cn-shanghai.aliyuncs.com. 77 IN	A	106.14.228.186

;; Query time: 2207 msec
;; SERVER: 127.0.0.11#53(127.0.0.11) (UDP)
;; WHEN: Wed Jul 05 01:48:36 UTC 2023
;; MSG SIZE  rcvd: 88



root@6a9061edea40:~# dig oss-cn-shanghai.aliyuncs.com

; <<>> DiG 9.18.16-1~deb12u1-Debian <<>> oss-cn-shanghai.aliyuncs.com
;; global options: +cmd
;; Got answer:
;; ->>HEADER<<- opcode: QUERY, status: NOERROR, id: 14889
;; flags: qr rd ra; QUERY: 1, ANSWER: 2, AUTHORITY: 0, ADDITIONAL: 1

;; OPT PSEUDOSECTION:
; EDNS: version: 0, flags:; udp: 1232
; COOKIE: 1a1e6f3e8753cb13 (echoed)
;; QUESTION SECTION:
;oss-cn-shanghai.aliyuncs.com.	IN	A

;; ANSWER SECTION:
oss-cn-shanghai.aliyuncs.com. 77 IN	A	106.14.228.198
oss-cn-shanghai.aliyuncs.com. 77 IN	A	106.14.228.220

;; Query time: 283 msec
;; SERVER: 127.0.0.11#53(127.0.0.11) (UDP)
;; WHEN: Wed Jul 05 01:48:47 UTC 2023
;; MSG SIZE  rcvd: 101
```
  
另外开一个会话连接hydra:   
  
```  
psql postgres://postgres:hydra@127.0.0.1:5432  
```  
  
连接到hydra后, 可以看到这个docker镜像内置了一些插件, 也是通过这些插件(当然hydra在插件的基础上改进了, 例如citus columnar不支持update, delete, hydra支持.)来支持了各种htap的场景.  
  
```  
psql (16beta1, server 14.8 (Debian 14.8-1.pgdg120+1))  
Type "help" for help.  
  
postgres=# create extension   
"uuid-ossp"        btree_gist         earthdistance      intagg             multicorn          pg_freespacemap    pg_visibility      seg                unaccent            
adminpack          citext             file_fdw           intarray           mysql_fdw          pg_ivm             pgcrypto           sslinfo            vector              
amcheck            cube               fuzzystrmatch      isn                old_snapshot       pg_prewarm         pgrowlocks         tablefunc          xml2                
autoinc            dblink             hstore             lo                 pageinspect        pg_stat_statements pgstattuple        tcn                 
bloom              dict_int           http               ltree              parquet_s3_fdw     pg_surgery         postgres_fdw       tsm_system_rows     
btree_gin          dict_xsyn          insert_username    moddatetime        pg_buffercache     pg_trgm            refint             tsm_system_time    
```  
  
  
默认已经安装了columnar插件.  
  
```  
postgres=# \dx  
                  List of installed extensions  
   Name   | Version |   Schema   |         Description            
----------+---------+------------+------------------------------  
 columnar | 11.1-7  | public     | Hydra Columnar extension  
 plpgsql  | 1.0     | pg_catalog | PL/pgSQL procedural language  
(2 rows)  
  
  
postgres=# show columnar.  
columnar.chunk_group_row_limit  columnar.compression            columnar.enable_column_cache    columnar.planner_debug_level     
columnar.column_cache_size      columnar.compression_level      columnar.min_parallel_processes columnar.stripe_row_limit   
```  
  
创建一个行表, 一个列表, 写入同样的数据进行一些测试. 行存储适合点查(oltp), 列存储适合大量数据的计算和过滤(olap).    
  
```  
create table t1 (id int, info text, c1 int, c2 int, c3 int, c4 int, ts timestamp) using columnar;  
  
create table t2 (id int, info text, c1 int, c2 int, c3 int, c4 int, ts timestamp) using heap;  
  
postgres=# \dt+  
                                     List of relations  
 Schema | Name | Type  |  Owner   | Persistence | Access method |    Size    | Description   
--------+------+-------+----------+-------------+---------------+------------+-------------  
 public | t1   | table | postgres | permanent   | columnar      | 16 kB      |   
 public | t2   | table | postgres | permanent   | heap          | 8192 bytes |   
(2 rows)  
  
  
  
insert into t1 select generate_series(1,10000000), md5(random()::text), random()*10000, random()*1000, random()*100, random()*10, clock_timestamp();  
  
insert into t2 select * from t1;   
  
  
postgres=# \dt+  
                                   List of relations  
 Schema | Name | Type  |  Owner   | Persistence | Access method |  Size  | Description   
--------+------+-------+----------+-------------+---------------+--------+-------------  
 public | t1   | table | postgres | permanent   | columnar      | 275 MB |   
 public | t2   | table | postgres | permanent   | heap          | 888 MB |   
(2 rows)  
  
  
postgres=# select * from t1 limit 10;  
 id |               info               |  c1  | c2  | c3 | c4 |             ts               
----+----------------------------------+------+-----+----+----+----------------------------  
  1 | 45d36ba92109a1420b2ac2806d8e561d | 7083 |  87 | 27 |  7 | 2023-07-04 07:30:05.432647  
  2 | 6fe46ccb8cf8f13773774e6223026891 | 6753 |  98 | 79 |  5 | 2023-07-04 07:30:05.451664  
  3 | e439cbc684978e4ab62ba4cee591ec7b |  118 | 601 | 88 | 10 | 2023-07-04 07:30:05.451696  
  4 | 1817f420d924588a0d2bc343efe70ceb | 8137 | 313 | 40 |  4 | 2023-07-04 07:30:05.451701  
  5 | e605cd17b528650df09daa36273ca472 | 5316 | 643 | 39 |  6 | 2023-07-04 07:30:05.451703  
  6 | b11da20b18f3cc63ed2dfcfcc8454737 | 1632 | 806 | 59 |  9 | 2023-07-04 07:30:05.451705  
  7 | 38197cd4e42eb089f19066a0d968c9e7 | 6830 | 813 |  5 |  5 | 2023-07-04 07:30:05.451708  
  8 | 1d46375a93c0bed800bcbf62d3a70918 |  499 | 611 | 35 |  0 | 2023-07-04 07:30:05.45171  
  9 | 77247cfad6597dca0e89470e30060cb6 | 2947 |  34 | 78 |  9 | 2023-07-04 07:30:05.451712  
 10 | 5532018eb724d518ba73667e9980c5cf | 5341 | 407 | 97 |  0 | 2023-07-04 07:30:05.451714  
(10 rows)  
  
postgres=# select * from t2 limit 10;  
 id |               info               |  c1  | c2  | c3 | c4 |             ts               
----+----------------------------------+------+-----+----+----+----------------------------  
  1 | 45d36ba92109a1420b2ac2806d8e561d | 7083 |  87 | 27 |  7 | 2023-07-04 07:30:05.432647  
  2 | 6fe46ccb8cf8f13773774e6223026891 | 6753 |  98 | 79 |  5 | 2023-07-04 07:30:05.451664  
  3 | e439cbc684978e4ab62ba4cee591ec7b |  118 | 601 | 88 | 10 | 2023-07-04 07:30:05.451696  
  4 | 1817f420d924588a0d2bc343efe70ceb | 8137 | 313 | 40 |  4 | 2023-07-04 07:30:05.451701  
  5 | e605cd17b528650df09daa36273ca472 | 5316 | 643 | 39 |  6 | 2023-07-04 07:30:05.451703  
  6 | b11da20b18f3cc63ed2dfcfcc8454737 | 1632 | 806 | 59 |  9 | 2023-07-04 07:30:05.451705  
  7 | 38197cd4e42eb089f19066a0d968c9e7 | 6830 | 813 |  5 |  5 | 2023-07-04 07:30:05.451708  
  8 | 1d46375a93c0bed800bcbf62d3a70918 |  499 | 611 | 35 |  0 | 2023-07-04 07:30:05.45171  
  9 | 77247cfad6597dca0e89470e30060cb6 | 2947 |  34 | 78 |  9 | 2023-07-04 07:30:05.451712  
 10 | 5532018eb724d518ba73667e9980c5cf | 5341 | 407 | 97 |  0 | 2023-07-04 07:30:05.451714  
(10 rows)  
  
  
create index on t1 (id);  
create index on t1 (info);  
create index on t1 (ts);  
  
create index on t2 (id);  
create index on t2 (info);  
create index on t2 (ts);  
  
  
postgres=# \di+  
                                          List of relations  
 Schema |    Name     | Type  |  Owner   | Table | Persistence | Access method |  Size  | Description   
--------+-------------+-------+----------+-------+-------------+---------------+--------+-------------  
 public | t1_id_idx   | index | postgres | t1    | permanent   | btree         | 214 MB |   
 public | t1_info_idx | index | postgres | t1    | permanent   | btree         | 563 MB |   
 public | t1_ts_idx   | index | postgres | t1    | permanent   | btree         | 214 MB |   
 public | t2_id_idx   | index | postgres | t2    | permanent   | btree         | 214 MB |   
 public | t2_info_idx | index | postgres | t2    | permanent   | btree         | 563 MB |   
 public | t2_ts_idx   | index | postgres | t2    | permanent   | btree         | 214 MB |   
(6 rows)  
  
  
  
  
  
  
postgres=# explain select count(*) from t1 where c4=1;  
                                               QUERY PLAN                                                  
---------------------------------------------------------------------------------------------------------  
 Finalize Aggregate  (cost=31001.17..31001.18 rows=1 width=8)  
   ->  Gather  (cost=31000.96..31001.17 rows=2 width=8)  
         Workers Planned: 2  
         ->  Partial Aggregate  (cost=30000.96..30000.97 rows=1 width=8)  
               ->  Parallel Custom Scan (ColumnarScan) on t1  (cost=0.00..5000.96 rows=10000000 width=0)  
                     Columnar Projected Columns: c4  
                     Columnar Vectorized Filter: (c4 = 1)  
(7 rows)  
  
postgres=# explain select count(*) from t2 where c4=1;  
                                      QUERY PLAN                                         
---------------------------------------------------------------------------------------  
 Finalize Aggregate  (cost=167761.52..167761.53 rows=1 width=8)  
   ->  Gather  (cost=167761.31..167761.52 rows=2 width=8)  
         Workers Planned: 2  
         ->  Partial Aggregate  (cost=166761.31..166761.32 rows=1 width=8)  
               ->  Parallel Seq Scan on t2  (cost=0.00..165720.33 rows=416389 width=0)  
                     Filter: (c4 = 1)  
(6 rows)  
  
  
  
  
postgres=# select count(*) from t1 where c4=1;  
  count    
---------  
 1000046  
(1 row)  
  
Time: 169.707 ms  
  
postgres=# select count(*) from t2 where c4=1;  
  count    
---------  
 1000046  
(1 row)  
  
Time: 509.801 ms  
  
postgres=# select * from t1 where id=100;  
 id  |               info               | c1  | c2 | c3 | c4 |             ts               
-----+----------------------------------+-----+----+----+----+----------------------------  
 100 | d32424fc616965907c473bc8e1a123ba | 457 | 63 | 85 |  5 | 2023-07-04 07:30:05.451909  
(1 row)  
  
Time: 8.929 ms  
  
  
postgres=# select * from t2 where id=100;  
 id  |               info               | c1  | c2 | c3 | c4 |             ts               
-----+----------------------------------+-----+----+----+----+----------------------------  
 100 | d32424fc616965907c473bc8e1a123ba | 457 | 63 | 85 |  5 | 2023-07-04 07:30:05.451909  
(1 row)  
  
Time: 4.282 ms  
  
  
Time: 4.282 ms  
postgres=# explain select * from t1 order by id limit 10;  
                                      QUERY PLAN                                         
---------------------------------------------------------------------------------------  
 Limit  (cost=0.43..0.76 rows=10 width=61)  
   ->  Index Scan using t1_id_idx on t1  (cost=0.43..329839.15 rows=10000000 width=61)  
(2 rows)  
  
Time: 3.760 ms  
postgres=# explain select * from t2 order by id limit 10;  
                                      QUERY PLAN                                         
---------------------------------------------------------------------------------------  
 Limit  (cost=0.43..0.81 rows=10 width=61)  
   ->  Index Scan using t2_id_idx on t2  (cost=0.43..373328.43 rows=10000000 width=61)  
(2 rows)  
  
Time: 4.343 ms  
  
  
postgres=# select * from t1 order by id limit 10;  
 id |               info               |  c1  | c2  | c3 | c4 |             ts               
----+----------------------------------+------+-----+----+----+----------------------------  
  1 | 45d36ba92109a1420b2ac2806d8e561d | 7083 |  87 | 27 |  7 | 2023-07-04 07:30:05.432647  
  2 | 6fe46ccb8cf8f13773774e6223026891 | 6753 |  98 | 79 |  5 | 2023-07-04 07:30:05.451664  
  3 | e439cbc684978e4ab62ba4cee591ec7b |  118 | 601 | 88 | 10 | 2023-07-04 07:30:05.451696  
  4 | 1817f420d924588a0d2bc343efe70ceb | 8137 | 313 | 40 |  4 | 2023-07-04 07:30:05.451701  
  5 | e605cd17b528650df09daa36273ca472 | 5316 | 643 | 39 |  6 | 2023-07-04 07:30:05.451703  
  6 | b11da20b18f3cc63ed2dfcfcc8454737 | 1632 | 806 | 59 |  9 | 2023-07-04 07:30:05.451705  
  7 | 38197cd4e42eb089f19066a0d968c9e7 | 6830 | 813 |  5 |  5 | 2023-07-04 07:30:05.451708  
  8 | 1d46375a93c0bed800bcbf62d3a70918 |  499 | 611 | 35 |  0 | 2023-07-04 07:30:05.45171  
  9 | 77247cfad6597dca0e89470e30060cb6 | 2947 |  34 | 78 |  9 | 2023-07-04 07:30:05.451712  
 10 | 5532018eb724d518ba73667e9980c5cf | 5341 | 407 | 97 |  0 | 2023-07-04 07:30:05.451714  
(10 rows)  
  
Time: 9.199 ms  
postgres=# select * from t2 order by id limit 10;  
 id |               info               |  c1  | c2  | c3 | c4 |             ts               
----+----------------------------------+------+-----+----+----+----------------------------  
  1 | 45d36ba92109a1420b2ac2806d8e561d | 7083 |  87 | 27 |  7 | 2023-07-04 07:30:05.432647  
  2 | 6fe46ccb8cf8f13773774e6223026891 | 6753 |  98 | 79 |  5 | 2023-07-04 07:30:05.451664  
  3 | e439cbc684978e4ab62ba4cee591ec7b |  118 | 601 | 88 | 10 | 2023-07-04 07:30:05.451696  
  4 | 1817f420d924588a0d2bc343efe70ceb | 8137 | 313 | 40 |  4 | 2023-07-04 07:30:05.451701  
  5 | e605cd17b528650df09daa36273ca472 | 5316 | 643 | 39 |  6 | 2023-07-04 07:30:05.451703  
  6 | b11da20b18f3cc63ed2dfcfcc8454737 | 1632 | 806 | 59 |  9 | 2023-07-04 07:30:05.451705  
  7 | 38197cd4e42eb089f19066a0d968c9e7 | 6830 | 813 |  5 |  5 | 2023-07-04 07:30:05.451708  
  8 | 1d46375a93c0bed800bcbf62d3a70918 |  499 | 611 | 35 |  0 | 2023-07-04 07:30:05.45171  
  9 | 77247cfad6597dca0e89470e30060cb6 | 2947 |  34 | 78 |  9 | 2023-07-04 07:30:05.451712  
 10 | 5532018eb724d518ba73667e9980c5cf | 5341 | 407 | 97 |  0 | 2023-07-04 07:30:05.451714  
(10 rows)  
  
Time: 3.574 ms  
```  
  
如果同一张表想使用行列混合存储, 可以使用分区表, 不同的分区采用行、列存储.  
  
```  
CREATE TABLE parent(ts timestamptz, i int, n numeric, s text)  
PARTITION BY RANGE (ts);  
  
-- columnar partition  
  
CREATE TABLE p0 PARTITION OF parent  
FOR VALUES FROM ('2020-01-01') TO ('2020-02-01')  
USING COLUMNAR;  
  
-- columnar partition  
  
CREATE TABLE p1 PARTITION OF parent  
FOR VALUES FROM ('2020-02-01') TO ('2020-03-01')  
USING COLUMNAR;  
  
-- row partition  
  
CREATE TABLE p2 PARTITION OF parent  
FOR VALUES FROM ('2020-03-01') TO ('2020-04-01');  
INSERT INTO parent VALUES ('2020-01-15', 10, 100, 'one thousand'); -- columnar  
INSERT INTO parent VALUES ('2020-02-15', 20, 200, 'two thousand'); -- columnar  
INSERT INTO parent VALUES ('2020-03-15', 30, 300, 'three thousand'); -- row  
```  
  
hydra的列存储表的update和delete是通过打标来实现的, 另外存储了一个打标的数据, 如果一行被删除了, 则标记为删除, 但是在列存储里面实际还存在.   
  
所以随着update越来越多, 可能膨胀, 膨胀后需要整理来提升列存储性能.  
  
  
测试使用aliyun oss做冷热分离存储, 遇到一些问题, 现象就是没有建立oss服务连接.  
  
先用duckdb生成一些parquet数据到oss.  
  
[《DuckDB DataLake 场景使用举例 - aliyun OSS对象存储parquet》](../202210/20221026_01.md)    
  
```    
AK ID: LTAI5tFe3E4Hqi5LW1E4ujLF   
    
AK Secret: 8a8k7iWhaKhA26S0RGqGvtsi4Aj0HQ   
    
Endpoint外网域名: oss-cn-shanghai.aliyuncs.com    
    
Bucket名称: jemuod20230704161428  
    
Object路径: digoal/   
```    
  
```  
IT-C02YW2EFLVDL:~ digoal$ ./duckdb/build/release/duckdb   
v0.7.1 b00b93f  
Enter ".help" for usage hints.  
Connected to a transient in-memory database.  
Use ".open FILENAME" to reopen on a persistent database.  
D INSTALL httpfs;    
D load httpfs;  
D set s3_access_key_id='LTAI5tFe3E4Hqi5LW1E4ujLF';             
D set s3_secret_access_key='.......................';   
D set s3_endpoint='s3.oss-cn-shanghai.aliyuncs.com';           
D create table a(id int, first_name text, last_name text);    
D insert into a select range, md5(random()::text), md5(random()::text) from range(1,100000);   
D copy a to 's3://jemuod20230704161428/digoal/a.parquet';      
100% ▕████████████████████████████████████████████████████████████▏   
D select count(*) from 's3://jemuod20230704161428/digoal/a.parquet';   
┌──────────────┐  
│ count_star() │  
│    int64     │  
├──────────────┤  
│        99999 │  
└──────────────┘  
```
  
然后使用hydra访问oss.  
  
```  
postgres=# create extension parquet_s3_fdw ;  
CREATE EXTENSION  
  
postgres=# CREATE SERVER parquet_s3_srv FOREIGN DATA WRAPPER parquet_s3_fdw OPTIONS (use_minio 'false', region 'oss-cn-shanghai.aliyuncs.com');        
  
postgres=# CREATE USER MAPPING FOR public SERVER parquet_s3_srv OPTIONS (user 'LTAI5tFe3E4Hqi5LW1E4ujLF', password '8a8k7iWhaKhA26S0RGqGvtsi4Aj0HQ');  
  
postgres=# CREATE FOREIGN TABLE userdata ( id int,  first_name   text, last_name    text)    
SERVER parquet_s3_srv OPTIONS ( filename 's3://jemuod20230704161428/digoal/a.parquet'  );    
  
-- CREATE FOREIGN TABLE userdata ( id int,  first_name   text, last_name    text)    
-- SERVER parquet_s3_srv OPTIONS ( dirname 's3://jemuod20230704161428/digoal/'  );    
  
postgres=# \set VERBOSITY verbose  
postgres=# select * from userdata;  
ERROR:  XX000: parquet_s3_fdw: failed to exctract row groups from Parquet file: failed to open Parquet file HeadObject failed  
LOCATION:  extract_rowgroups_list, parquet_impl.cpp:992  
  
postgres=# insert into userdata values (1,'test','test');  
ERROR:  XX000: parquet_s3_fdw: failed to open Parquet file HeadObject failed  
LOCATION:  parquetS3BeginForeignModify, parquet_impl.cpp:3783  
```
  
在这个过程中看不到与oss建立的连接, 正常情况下应该有连接:   
```
postgres=# select * from parquet_s3_fdw_get_connections();
 server_name | valid 
-------------+-------
(0 rows)
```
  
  
其他功能建议有兴趣的小伙伴参考文档.   
  
https://docs.hydra.so/concepts/using-hydra-columnar  
  
## 参考  
https://github.com/citusdata/citus  
  
https://github.com/hydradatabase/hydra  
  
https://github.com/pgspider/parquet_s3_fdw  
  
https://docs.hydra.so/concepts/using-hydra-columnar  
  
vector  
  
pg_ivm  
  
  
  
#### [期望 PostgreSQL|开源PolarDB 增加什么功能?](https://github.com/digoal/blog/issues/76 "269ac3d1c492e938c0191101c7238216")
  
  
#### [PolarDB 云原生分布式开源数据库](https://github.com/ApsaraDB "57258f76c37864c6e6d23383d05714ea")
  
  
#### [PolarDB 学习图谱: 训练营、培训认证、在线互动实验、解决方案、内核开发公开课、生态合作、写心得拿奖品](https://www.aliyun.com/database/openpolardb/activity "8642f60e04ed0c814bf9cb9677976bd4")
  
  
#### [PostgreSQL 解决方案集合](../201706/20170601_02.md "40cff096e9ed7122c512b35d8561d9c8")
  
  
#### [德哥 / digoal's github - 公益是一辈子的事.](https://github.com/digoal/blog/blob/master/README.md "22709685feb7cab07d30f30387f0a9ae")
  
  
![digoal's wechat](../pic/digoal_weixin.jpg "f7ad92eeba24523fd47a6e1a0e691b59")
  
  
#### [购买PolarDB云服务折扣活动进行中, 55元起](https://www.aliyun.com/activity/new/polardb-yunparter?userCode=bsb3t4al "e0495c413bedacabb75ff1e880be465a")
  
  
#### [About 德哥](https://github.com/digoal/blog/blob/master/me/readme.md "a37735981e7704886ffd590565582dd0")
  
