## PostgreSQL MySQL 兼容性之 - order by 拼音 or binary or 指定 collate      
                
### 作者                
digoal                
                
### 日期                
2020-10-31                
                
### 标签                
PostgreSQL , MySQL , 兼容性                 
                
----                
                
## 背景         
https://www.runoob.com/mysql/mysql-order-by.html    
    
MySQL 拼音排序    
    
如果字符集采用的是 gbk(汉字编码字符集)，直接在查询语句后边添加 ORDER BY：    
    
```    
SELECT *     
FROM runoob_tbl    
ORDER BY runoob_title;    
```    
    
如果字符集采用的是 utf8(万国码)，需要先对字段进行转码然后排序：    
    
```    
SELECT *     
FROM runoob_tbl    
ORDER BY CONVERT(runoob_title using gbk);    
```    
    
    
PostgreSQL使用collate语法来支持按collate顺序排序.    
    
可以在数据库层面设置默认collate    
    
```    
postgres=> \l+    
                                                                    List of databases    
   Name    |   Owner    | Encoding | Collate |   Ctype    |     Access privileges     |  Size   | Tablespace |                Description                     
-----------+------------+----------+---------+------------+---------------------------+---------+------------+--------------------------------------------    
 postgres  | pg36694487 | UTF8     | C       | en_US.utf8 |                           | 245 GB  | pg_default | default administrative connection database    
 template0 | pg36694487 | UTF8     | C       | en_US.utf8 | =c/pg36694487            +| 7809 kB | pg_default | unmodifiable empty database    
           |            |          |         |            | pg36694487=CTc/pg36694487 |         |            |     
 template1 | pg36694487 | UTF8     | C       | en_US.utf8 | =c/pg36694487            +| 7809 kB | pg_default | default template for new databases    
           |            |          |         |            | pg36694487=CTc/pg36694487 |         |            |     
(3 rows)    
```    
    
在列级别设置collate    
    
```    
create table t2 (id int, c1 text collate "zh_CN");    
insert into t2 values (1,'你好');    
insert into t2 values (2,'中国');    
postgres=> select * from t2 order by c1;    
 id |  c1      
----+------    
  1 | 你好    
  2 | 中国    
(2 rows)    
    
postgres=> explain select * from t2 order by c1;    
                                   QUERY PLAN                                       
--------------------------------------------------------------------------------    
 Sort  (cost=10000000088.17..10000000091.35 rows=1270 width=36)    
   Sort Key: c1 COLLATE "zh_CN"    
   ->  Seq Scan on t2  (cost=10000000000.00..10000000022.70 rows=1270 width=36)    
(3 rows)    
    
postgres=> create index idx_t2 on t2 (c1);    
CREATE INDEX    
postgres=> explain select * from t2 order by c1;    
                            QUERY PLAN                                
------------------------------------------------------------------    
 Index Scan using idx_t2 on t2  (cost=0.13..3.46 rows=2 width=36)    
(1 row)    
```    
    
在索引级别设置collate, 如果查询要使用索引, 查询collate和索引collate需要一致    
    
在查询时指定collate    
    
```    
postgres=> create table t1 (id int, c1 text);    
CREATE TABLE    
postgres=> insert into t1 values (1,'你好');    
INSERT 0 1    
postgres=> insert into t1 values (2,'中国');    
INSERT 0 1    
    
    
postgres=> select * from t1 order by c1;    
 id |  c1      
----+------    
  2 | 中国    
  1 | 你好    
(2 rows)    
    
postgres=> select * from t1 order by c1 collate "zh_CN";    
 id |  c1      
----+------    
  1 | 你好    
  2 | 中国    
(2 rows)    
    
postgres=> create index idx_t1 on t1 (c1 collate "zh_CN");    
CREATE INDEX    
    
postgres=> explain select * from t1 order by c1 collate "zh_CN";    
                            QUERY PLAN                                
------------------------------------------------------------------    
 Index Scan using idx_t1 on t1  (cost=0.13..3.46 rows=2 width=68)    
(1 row)    
    
postgres=> explain select * from t1 order by c1 collate "en_US";    
                                 QUERY PLAN                                      
-----------------------------------------------------------------------------    
 Sort  (cost=10000000001.03..10000000001.03 rows=2 width=68)    
   Sort Key: c1 COLLATE "en_US"    
   ->  Seq Scan on t1  (cost=10000000000.00..10000000001.02 rows=2 width=68)    
(3 rows)    
```    
      
    
https://www.postgresql.org/docs/13/collation.html  
  
  
#### [PostgreSQL 许愿链接](https://github.com/digoal/blog/issues/76 "269ac3d1c492e938c0191101c7238216")
您的愿望将传达给PG kernel hacker、数据库厂商等, 帮助提高数据库产品质量和功能, 说不定下一个PG版本就有您提出的功能点. 针对非常好的提议，奖励限量版PG文化衫、纪念品、贴纸、PG热门书籍等，奖品丰富，快来许愿。[开不开森](https://github.com/digoal/blog/issues/76 "269ac3d1c492e938c0191101c7238216").  
  
  
#### [9.9元购买3个月阿里云RDS PostgreSQL实例](https://www.aliyun.com/database/postgresqlactivity "57258f76c37864c6e6d23383d05714ea")
  
  
#### [PostgreSQL 解决方案集合](https://yq.aliyun.com/topic/118 "40cff096e9ed7122c512b35d8561d9c8")
  
  
#### [德哥 / digoal's github - 公益是一辈子的事.](https://github.com/digoal/blog/blob/master/README.md "22709685feb7cab07d30f30387f0a9ae")
  
  
![digoal's wechat](../pic/digoal_weixin.jpg "f7ad92eeba24523fd47a6e1a0e691b59")
  
  
#### [PolarDB 学习图谱: 训练营、培训认证、在线互动实验、解决方案、生态合作、写心得拿奖品](https://www.aliyun.com/database/openpolardb/activity "8642f60e04ed0c814bf9cb9677976bd4")
  
  
#### [购买PolarDB云服务折扣活动进行中, 55元起](https://www.aliyun.com/activity/new/polardb-yunparter?userCode=bsb3t4al "e0495c413bedacabb75ff1e880be465a")
  
  
#### [About 德哥](https://github.com/digoal/blog/blob/master/me/readme.md "a37735981e7704886ffd590565582dd0")
  
